{
  "ext/extensionController/extensionController-dbg.js": 1726369627525,
  "Component.js": 1726368948747,
  "manifest.json": 1726372018253,
  "ext/extensionController/extensionController.js": 1726369627525,
  "i18n/i18n.properties": 1726368971347,
  "ext/extensionController/extensionController.js.map": 1726372018329,
  "Component-dbg.js": 1726368948747,
  "Component.js.map": 1726372018329,
  "Component-preload.js": 1726372018386,
  "Component-preload.js.map": 1726372018386,
  "index.html": 1726368948747
}